{
  "dataset": "text-small",
  "file_count": 200,
  "input_bytes": 10485600,
  "tool": "ANDRII",
  "mode": "Fast",
  "output_bytes": 2254392,
  "compression_ratio": 0.7850011444266423,
  "space_saved_pct": 78.50011444266423,
  "create_seconds": 7.7975082,
  "extract_seconds": 3.4308588,
  "verify_seconds": 0.0061955,
  "create_throughput_mbps": 1.2824414102070933,
  "extract_throughput_mbps": 2.9146776346812566,
  "rep": 1
}