{
  "dataset": "mixed-realistic",
  "file_count": 327,
  "input_bytes": 114241599,
  "tool": "ANDRII",
  "mode": "Maximum",
  "output_bytes": 55378141,
  "compression_ratio": 0.5152541501104164,
  "space_saved_pct": 51.525415011041645,
  "create_seconds": 53.0783688,
  "extract_seconds": 17.0203885,
  "verify_seconds": 0.028939,
  "create_throughput_mbps": 2.0526116626154107,
  "extract_throughput_mbps": 6.401104112957348,
  "rep": 1
}