{
  "dataset": "text-small",
  "file_count": 200,
  "input_bytes": 10485600,
  "tool": "ANDRII",
  "mode": "Fast",
  "output_bytes": 2254392,
  "compression_ratio": 0.7850011444266423,
  "space_saved_pct": 78.50011444266423,
  "create_seconds": 8.4628387,
  "extract_seconds": 3.9137116,
  "verify_seconds": 0.0071894,
  "create_throughput_mbps": 1.1816185758224806,
  "extract_throughput_mbps": 2.555080300783884,
  "rep": 1
}