{
  "dataset": "text-small",
  "file_count": 200,
  "input_bytes": 10485600,
  "tool": "ANDRII",
  "mode": "Balanced",
  "output_bytes": 2122130,
  "compression_ratio": 0.7976148241397727,
  "space_saved_pct": 79.76148241397726,
  "create_seconds": 8.896502,
  "extract_seconds": 3.4579529,
  "verify_seconds": 0.0069943,
  "create_throughput_mbps": 1.1240201387139996,
  "extract_throughput_mbps": 2.8918402596256807,
  "rep": 1
}