{
  "dataset": "documents-mixed",
  "file_count": 10,
  "input_bytes": 52428800,
  "tool": "ANDRII",
  "mode": "Balanced",
  "output_bytes": 52433963,
  "compression_ratio": -0.00009847640991211826,
  "space_saved_pct": -0.009847640991211826,
  "create_seconds": 14.0942779,
  "extract_seconds": 13.8430175,
  "verify_seconds": 0.0497868,
  "create_throughput_mbps": 3.5475389626026885,
  "extract_throughput_mbps": 3.6119292632549227,
  "rep": 1
}