{
  "dataset": "large-binary-1gb",
  "file_count": 1,
  "input_bytes": 67108864,
  "tool": "ANDRII",
  "mode": "Balanced",
  "output_bytes": 67111303,
  "compression_ratio": -0.000036343932151794434,
  "space_saved_pct": -0.0036343932151794434,
  "create_seconds": 17.1541808,
  "extract_seconds": 17.1679789,
  "verify_seconds": 0.0409199,
  "create_throughput_mbps": 3.7308689203042564,
  "extract_throughput_mbps": 3.7278703784986593,
  "rep": 1
}