{
  "dataset": "incompressible-media-like",
  "file_count": 7,
  "input_bytes": 105906176,
  "tool": "ANDRII",
  "mode": "Maximum",
  "output_bytes": 105911378,
  "compression_ratio": -0.000049118948454829336,
  "space_saved_pct": -0.004911894845482934,
  "create_seconds": 24.789927,
  "extract_seconds": 24.5028883,
  "verify_seconds": 0.0576888,
  "create_throughput_mbps": 4.074235474755533,
  "extract_throughput_mbps": 4.121963042210008,
  "rep": 1
}