{
  "dataset": "incompressible-media-like",
  "file_count": 7,
  "input_bytes": 105906176,
  "tool": "ANDRII",
  "mode": "Balanced",
  "output_bytes": 105911379,
  "compression_ratio": -0.000049128390774866304,
  "space_saved_pct": -0.00491283907748663,
  "create_seconds": 25.331517,
  "extract_seconds": 24.2515478,
  "verify_seconds": 0.0704295,
  "create_throughput_mbps": 3.987127971846297,
  "extract_throughput_mbps": 4.164682635225451,
  "rep": 1
}