{
  "dataset": "source-code",
  "file_count": 205,
  "input_bytes": 7543216,
  "tool": "ANDRII",
  "mode": "Fast",
  "output_bytes": 5978790,
  "compression_ratio": 0.20739509514244325,
  "space_saved_pct": 20.739509514244325,
  "create_seconds": 8.8097003,
  "extract_seconds": 3.7353047,
  "verify_seconds": 0.0084617,
  "create_throughput_mbps": 0.8165739034623786,
  "extract_throughput_mbps": 1.9258860896420813,
  "rep": 1
}