{
  "dataset": "mixed-realistic",
  "file_count": 327,
  "input_bytes": 114241599,
  "tool": "ANDRII",
  "mode": "Balanced",
  "output_bytes": 60555767,
  "compression_ratio": 0.46993242802912794,
  "space_saved_pct": 46.993242802912796,
  "create_seconds": 28.1459984,
  "extract_seconds": 18.0820631,
  "verify_seconds": 0.0305503,
  "create_throughput_mbps": 3.870862112728676,
  "extract_throughput_mbps": 6.025268147166345,
  "rep": 1
}