{
  "dataset": "many-small-files",
  "file_count": 2000,
  "input_bytes": 4193000,
  "tool": "ANDRII",
  "mode": "Maximum-v2",
  "output_bytes": 1795520,
  "compression_ratio": 0.5717815406630098,
  "space_saved_pct": 57.178154066300976,
  "create_seconds": 86.8079124,
  "extract_seconds": 4.9956837,
  "verify_seconds": 0.0061134,
  "create_throughput_mbps": 0.046064423139974116,
  "extract_throughput_mbps": 0.8004422715336054,
  "rep": 1
}