{
  "dataset": "mixed-realistic",
  "file_count": 327,
  "input_bytes": 114241599,
  "tool": "ANDRII",
  "mode": "Maximum",
  "output_bytes": 58591154,
  "compression_ratio": 0.48712942997235187,
  "space_saved_pct": 48.71294299723519,
  "create_seconds": 87.750374,
  "extract_seconds": 16.8728015,
  "verify_seconds": 0.0329631,
  "create_throughput_mbps": 1.2415819313941834,
  "extract_throughput_mbps": 6.457094800260759,
  "rep": 1
}