{
  "dataset": "mixed-realistic",
  "file_count": 327,
  "input_bytes": 114241599,
  "tool": "ANDRII",
  "mode": "Balanced",
  "output_bytes": 60555767,
  "compression_ratio": 0.46993242802912794,
  "space_saved_pct": 46.993242802912796,
  "create_seconds": 26.9641197,
  "extract_seconds": 17.8571711,
  "verify_seconds": 0.0347565,
  "create_throughput_mbps": 4.040527932809983,
  "extract_throughput_mbps": 6.101149964984204,
  "rep": 1
}