{
  "dataset": "incompressible-media-like",
  "file_count": 7,
  "input_bytes": 105906176,
  "tool": "ANDRII",
  "mode": "Fast",
  "output_bytes": 105911618,
  "compression_ratio": -0.00005138510524638207,
  "space_saved_pct": -0.005138510524638207,
  "create_seconds": 27.3065452,
  "extract_seconds": 26.3960374,
  "verify_seconds": 0.0532081,
  "create_throughput_mbps": 3.698746921672098,
  "extract_throughput_mbps": 3.82633190237865,
  "rep": 1
}