{
  "dataset": "large-binary-1gb",
  "file_count": 1,
  "input_bytes": 67108864,
  "tool": "ANDRII",
  "mode": "Fast",
  "output_bytes": 67113412,
  "compression_ratio": -0.00006777048110961914,
  "space_saved_pct": -0.006777048110961914,
  "create_seconds": 19.750087399999998,
  "extract_seconds": 18.0303929,
  "verify_seconds": 0.0347033,
  "create_throughput_mbps": 3.2404919889114012,
  "extract_throughput_mbps": 3.5495621396026262,
  "rep": 1
}