{
  "dataset": "incompressible-media-like",
  "file_count": 7,
  "input_bytes": 105906176,
  "tool": "ANDRII",
  "mode": "Fast",
  "output_bytes": 105911375,
  "compression_ratio": -0.00004909062149494048,
  "space_saved_pct": -0.004909062149494048,
  "create_seconds": 24.9113157,
  "extract_seconds": 25.2440182,
  "verify_seconds": 0.0554245,
  "create_throughput_mbps": 4.05438240261232,
  "extract_throughput_mbps": 4.000947836426453,
  "rep": 1
}