{
  "dataset": "large-binary-1gb",
  "file_count": 1,
  "input_bytes": 67108864,
  "tool": "ANDRII",
  "mode": "Maximum",
  "output_bytes": 67111302,
  "compression_ratio": -0.000036329030990600586,
  "space_saved_pct": -0.0036329030990600586,
  "create_seconds": 17.2808535,
  "extract_seconds": 17.7000321,
  "verify_seconds": 0.0357468,
  "create_throughput_mbps": 3.703520778068051,
  "extract_throughput_mbps": 3.615812651548807,
  "rep": 1
}