{
  "dataset": "source-code",
  "file_count": 206,
  "input_bytes": 7548887,
  "tool": "ANDRII",
  "mode": "Maximum",
  "output_bytes": 5950964,
  "compression_ratio": 0.2116766352443744,
  "space_saved_pct": 21.16766352443744,
  "create_seconds": 14.6834675,
  "extract_seconds": 3.7694731,
  "verify_seconds": 0.0093319,
  "create_throughput_mbps": 0.49029152339888565,
  "extract_throughput_mbps": 1.909863648941553,
  "rep": 1
}