{
  "dataset": "text-small",
  "file_count": 200,
  "input_bytes": 10485600,
  "tool": "ANDRII",
  "mode": "Balanced",
  "output_bytes": 2115518,
  "compression_ratio": 0.7982454032196536,
  "space_saved_pct": 79.82454032196536,
  "create_seconds": 8.1474682,
  "extract_seconds": 3.1929790000000002,
  "verify_seconds": 0.0054212,
  "create_throughput_mbps": 1.2273564212388548,
  "extract_throughput_mbps": 3.1318237332940098,
  "rep": 1
}