{
  "dataset": "mixed-realistic",
  "file_count": 327,
  "input_bytes": 114241599,
  "tool": "ANDRII",
  "mode": "Maximum",
  "output_bytes": 58591154,
  "compression_ratio": 0.48712942997235187,
  "space_saved_pct": 48.71294299723519,
  "create_seconds": 91.6258509,
  "extract_seconds": 17.4429501,
  "verify_seconds": 0.0415761,
  "create_throughput_mbps": 1.1890670346995045,
  "extract_throughput_mbps": 6.246035114867521,
  "rep": 1
}