{
  "dataset": "many-small-files",
  "file_count": 2000,
  "input_bytes": 4193000,
  "tool": "ANDRII",
  "mode": "Balanced",
  "output_bytes": 1895510,
  "compression_ratio": 0.5479346529930837,
  "space_saved_pct": 54.79346529930837,
  "create_seconds": 56.4396001,
  "extract_seconds": 4.9248863,
  "verify_seconds": 0.00742,
  "create_throughput_mbps": 0.07085019032038475,
  "extract_throughput_mbps": 0.8119489801604975,
  "rep": 1
}