{
  "dataset": "large-binary-1gb",
  "file_count": 1,
  "input_bytes": 67108864,
  "tool": "ANDRII",
  "mode": "Maximum-v2",
  "output_bytes": 67111347,
  "compression_ratio": -0.00003699958324432373,
  "space_saved_pct": -0.003699958324432373,
  "create_seconds": 17.0479263,
  "extract_seconds": 17.7984965,
  "verify_seconds": 0.036329,
  "create_throughput_mbps": 3.754122282896073,
  "extract_throughput_mbps": 3.5958093426599267,
  "rep": 1
}