{
  "dataset": "source-code",
  "file_count": 205,
  "input_bytes": 7538250,
  "tool": "ANDRII",
  "mode": "Fast",
  "output_bytes": 5976932,
  "compression_ratio": 0.20711942426955854,
  "space_saved_pct": 20.711942426955854,
  "create_seconds": 9.921331,
  "extract_seconds": 4.0249178,
  "verify_seconds": 0.0088871,
  "create_throughput_mbps": 0.724603928207759,
  "extract_throughput_mbps": 1.7861322324767512,
  "rep": 1
}