{
  "dataset": "documents-mixed",
  "file_count": 10,
  "input_bytes": 52428800,
  "tool": "ANDRII",
  "mode": "Balanced",
  "output_bytes": 52433963,
  "compression_ratio": -0.00009847640991211826,
  "space_saved_pct": -0.009847640991211826,
  "create_seconds": 14.4403494,
  "extract_seconds": 14.0151141,
  "verify_seconds": 0.0332066,
  "create_throughput_mbps": 3.462520096639767,
  "extract_throughput_mbps": 3.5675770916485083,
  "rep": 1
}