{
  "dataset": "mixed-realistic",
  "file_count": 327,
  "input_bytes": 114241599,
  "tool": "ANDRII",
  "mode": "Balanced",
  "output_bytes": 60566570,
  "compression_ratio": 0.46983786527707827,
  "space_saved_pct": 46.98378652770783,
  "create_seconds": 29.8614634,
  "extract_seconds": 18.3947878,
  "verify_seconds": 0.0441516,
  "create_throughput_mbps": 3.64849094540631,
  "extract_throughput_mbps": 5.9228342297855665,
  "rep": 1
}