{
  "dataset": "text-small",
  "file_count": 200,
  "input_bytes": 10485600,
  "tool": "ANDRII",
  "mode": "Maximum",
  "output_bytes": 1724300,
  "compression_ratio": 0.8355554283970398,
  "space_saved_pct": 83.55554283970397,
  "create_seconds": 26.7168621,
  "extract_seconds": 3.267852,
  "verify_seconds": 0.006362,
  "create_throughput_mbps": 0.374289741612634,
  "extract_throughput_mbps": 3.060067411899124,
  "rep": 1
}