{
  "dataset": "incompressible-media-like",
  "file_count": 7,
  "input_bytes": 105906176,
  "tool": "ANDRII",
  "mode": "Balanced",
  "output_bytes": 105911379,
  "compression_ratio": -0.000049128390774866304,
  "space_saved_pct": -0.00491283907748663,
  "create_seconds": 26.3086781,
  "extract_seconds": 27.6753631,
  "verify_seconds": 0.0682524,
  "create_throughput_mbps": 3.8390374315310045,
  "extract_throughput_mbps": 3.649455280317533,
  "rep": 1
}