{
  "dataset": "source-code",
  "file_count": 212,
  "input_bytes": 7632628,
  "tool": "ANDRII",
  "mode": "Maximum-v2",
  "output_bytes": 5988461,
  "compression_ratio": 0.21541296130245047,
  "space_saved_pct": 21.541296130245048,
  "create_seconds": 15.5489852,
  "extract_seconds": 3.7632146,
  "verify_seconds": 0.00821,
  "create_throughput_mbps": 0.46813609998697553,
  "extract_throughput_mbps": 1.9342615460418344,
  "rep": 1
}