{
  "dataset": "documents-mixed",
  "file_count": 10,
  "input_bytes": 52428800,
  "tool": "ANDRII",
  "mode": "Fast",
  "output_bytes": 52433959,
  "compression_ratio": -0.0000984001159667347,
  "space_saved_pct": -0.00984001159667347,
  "create_seconds": 13.7332567,
  "extract_seconds": 14.0313305,
  "verify_seconds": 0.0293694,
  "create_throughput_mbps": 3.6407970150299453,
  "extract_throughput_mbps": 3.563453943302098,
  "rep": 1
}