{
  "dataset": "many-small-files",
  "file_count": 2000,
  "input_bytes": 4193000,
  "tool": "ANDRII",
  "mode": "Fast",
  "output_bytes": 2169651,
  "compression_ratio": 0.48255401860243263,
  "space_saved_pct": 48.25540186024326,
  "create_seconds": 51.9653851,
  "extract_seconds": 5.3066867,
  "verify_seconds": 0.0077405,
  "create_throughput_mbps": 0.07695038535741375,
  "extract_throughput_mbps": 0.7535316544486046,
  "rep": 1
}