{
  "dataset": "incompressible-media-like",
  "file_count": 7,
  "input_bytes": 105906176,
  "tool": "ANDRII",
  "mode": "Maximum-v2",
  "output_bytes": 105911621,
  "compression_ratio": -0.000051413432206270926,
  "space_saved_pct": -0.005141343220627093,
  "create_seconds": 27.2621072,
  "extract_seconds": 26.3673535,
  "verify_seconds": 0.052113,
  "create_throughput_mbps": 3.7047759829805087,
  "extract_throughput_mbps": 3.8304944028607193,
  "rep": 1
}