{
  "dataset": "source-code",
  "file_count": 206,
  "input_bytes": 7548887,
  "tool": "ANDRII",
  "mode": "Fast",
  "output_bytes": 5981865,
  "compression_ratio": 0.20758318411707577,
  "space_saved_pct": 20.758318411707577,
  "create_seconds": 8.378896,
  "extract_seconds": 3.7140886,
  "verify_seconds": 0.0084664,
  "create_throughput_mbps": 0.8592038437227324,
  "extract_throughput_mbps": 1.9383435412265144,
  "rep": 1
}