{
  "dataset": "mixed-realistic",
  "file_count": 327,
  "input_bytes": 114241599,
  "tool": "ANDRII",
  "mode": "Fast",
  "output_bytes": 60945455,
  "compression_ratio": 0.46652134131981116,
  "space_saved_pct": 46.652134131981114,
  "create_seconds": 25.5215985,
  "extract_seconds": 17.9431238,
  "verify_seconds": 0.0392314,
  "create_throughput_mbps": 4.268904975974837,
  "extract_throughput_mbps": 6.071923709932935,
  "rep": 1
}