{
  "dataset": "many-small-files",
  "file_count": 2000,
  "input_bytes": 4193000,
  "tool": "ANDRII",
  "mode": "Maximum",
  "output_bytes": 1028384,
  "compression_ratio": 0.7547378964941569,
  "space_saved_pct": 75.47378964941569,
  "create_seconds": 8.6207243,
  "extract_seconds": 4.7779152,
  "verify_seconds": 0.0051561,
  "create_throughput_mbps": 0.46385387927223315,
  "extract_throughput_mbps": 0.8369249434756411,
  "rep": 1
}