{
  "dataset": "large-binary-1gb",
  "file_count": 1,
  "input_bytes": 67108864,
  "tool": "ANDRII",
  "mode": "Maximum",
  "output_bytes": 67111302,
  "compression_ratio": -0.000036329030990600586,
  "space_saved_pct": -0.0036329030990600586,
  "create_seconds": 18.0207523,
  "extract_seconds": 18.5006075,
  "verify_seconds": 0.0488554,
  "create_throughput_mbps": 3.551461056373323,
  "extract_throughput_mbps": 3.459345862021017,
  "rep": 1
}