{
  "dataset": "large-binary-1gb",
  "file_count": 1,
  "input_bytes": 67108864,
  "tool": "ANDRII",
  "mode": "Maximum",
  "output_bytes": 67111302,
  "compression_ratio": -0.000036329030990600586,
  "space_saved_pct": -0.0036329030990600586,
  "create_seconds": 17.0437774,
  "extract_seconds": 16.698553,
  "verify_seconds": 0.0363577,
  "create_throughput_mbps": 3.7550361341846674,
  "extract_throughput_mbps": 3.832667417350473,
  "rep": 1
}