{
  "dataset": "documents-mixed",
  "file_count": 10,
  "input_bytes": 52428800,
  "tool": "ANDRII",
  "mode": "Maximum",
  "output_bytes": 52433962,
  "compression_ratio": -0.00009845733642577237,
  "space_saved_pct": -0.009845733642577237,
  "create_seconds": 13.5329214,
  "extract_seconds": 13.2220198,
  "verify_seconds": 0.028916,
  "create_throughput_mbps": 3.6946937414415193,
  "extract_throughput_mbps": 3.7815704980263303,
  "rep": 1
}