{
  "dataset": "text-small",
  "file_count": 200,
  "input_bytes": 10485600,
  "tool": "ANDRII",
  "mode": "Fast",
  "output_bytes": 2261004,
  "compression_ratio": 0.7843705653467613,
  "space_saved_pct": 78.43705653467613,
  "create_seconds": 8.6772987,
  "extract_seconds": 3.7039622,
  "verify_seconds": 0.0061844,
  "create_throughput_mbps": 1.1524147961057714,
  "extract_throughput_mbps": 2.6997703734960834,
  "rep": 1
}