{
  "dataset": "text-small",
  "file_count": 200,
  "input_bytes": 10485600,
  "tool": "ANDRII",
  "mode": "Maximum",
  "output_bytes": 1724300,
  "compression_ratio": 0.8355554283970398,
  "space_saved_pct": 83.55554283970397,
  "create_seconds": 30.0302795,
  "extract_seconds": 3.7127974,
  "verify_seconds": 0.0067113,
  "create_throughput_mbps": 0.33299215254088377,
  "extract_throughput_mbps": 2.6933458346284596,
  "rep": 1
}