{
  "dataset": "documents-mixed",
  "file_count": 10,
  "input_bytes": 52428800,
  "tool": "ANDRII",
  "mode": "Maximum-v2",
  "output_bytes": 52434304,
  "compression_ratio": -0.00010498046875007105,
  "space_saved_pct": -0.010498046875007105,
  "create_seconds": 14.3596293,
  "extract_seconds": 13.9302082,
  "verify_seconds": 0.0375692,
  "create_throughput_mbps": 3.4819840370113178,
  "extract_throughput_mbps": 3.589321802096253,
  "rep": 1
}