{
  "dataset": "source-code",
  "file_count": 205,
  "input_bytes": 7538250,
  "tool": "ANDRII",
  "mode": "Maximum",
  "output_bytes": 5946730,
  "compression_ratio": 0.21112592445196166,
  "space_saved_pct": 21.112592445196164,
  "create_seconds": 16.3909315,
  "extract_seconds": 4.1328082,
  "verify_seconds": 0.0098349,
  "create_throughput_mbps": 0.4385983441910799,
  "extract_throughput_mbps": 1.7395037629981023,
  "rep": 1
}