{
  "dataset": "many-small-files",
  "file_count": 2000,
  "input_bytes": 4193000,
  "tool": "ANDRII",
  "mode": "Balanced",
  "output_bytes": 1829498,
  "compression_ratio": 0.563678034819938,
  "space_saved_pct": 56.367803481993796,
  "create_seconds": 50.6525134,
  "extract_seconds": 5.0165673,
  "verify_seconds": 0.0052818,
  "create_throughput_mbps": 0.07894487637984429,
  "extract_throughput_mbps": 0.7971100893416513,
  "rep": 1
}