{
  "dataset": "source-code",
  "file_count": 212,
  "input_bytes": 7632628,
  "tool": "ANDRII",
  "mode": "Maximum",
  "output_bytes": 5889655,
  "compression_ratio": 0.22835817493005028,
  "space_saved_pct": 22.835817493005028,
  "create_seconds": 8.0627109,
  "extract_seconds": 4.3575941,
  "verify_seconds": 0.0095312,
  "create_throughput_mbps": 0.9028032110494254,
  "extract_throughput_mbps": 1.6704266444373979,
  "rep": 1
}