{
  "dataset": "documents-mixed",
  "file_count": 10,
  "input_bytes": 52428800,
  "tool": "ANDRII",
  "mode": "Fast",
  "output_bytes": 52434301,
  "compression_ratio": -0.00010492324829103339,
  "space_saved_pct": -0.010492324829103339,
  "create_seconds": 14.9233887,
  "extract_seconds": 14.1306407,
  "verify_seconds": 0.0309651,
  "create_throughput_mbps": 3.3504454655128026,
  "extract_throughput_mbps": 3.5384099745739057,
  "rep": 1
}