{
  "dataset": "documents-mixed",
  "file_count": 10,
  "input_bytes": 52428800,
  "tool": "ANDRII",
  "mode": "Balanced",
  "output_bytes": 52434305,
  "compression_ratio": -0.00010499954223641694,
  "space_saved_pct": -0.010499954223641694,
  "create_seconds": 14.05506,
  "extract_seconds": 13.8417953,
  "verify_seconds": 0.0314442,
  "create_throughput_mbps": 3.5574376772493324,
  "extract_throughput_mbps": 3.6122481886435645,
  "rep": 1
}