{
  "dataset": "mixed-realistic",
  "file_count": 327,
  "input_bytes": 114241599,
  "tool": "ANDRII",
  "mode": "Balanced",
  "output_bytes": 60555767,
  "compression_ratio": 0.46993242802912794,
  "space_saved_pct": 46.993242802912796,
  "create_seconds": 30.2626651,
  "extract_seconds": 18.2243724,
  "verify_seconds": 0.0329536,
  "create_throughput_mbps": 3.6001217497358464,
  "extract_throughput_mbps": 5.978218423120126,
  "rep": 1
}