{
  "dataset": "text-small",
  "file_count": 200,
  "input_bytes": 10485600,
  "tool": "ANDRII",
  "mode": "Maximum",
  "output_bytes": 763601,
  "compression_ratio": 0.9271762226291295,
  "space_saved_pct": 92.71762226291294,
  "create_seconds": 11.2127604,
  "extract_seconds": 3.1608565,
  "verify_seconds": 0.0062417,
  "create_throughput_mbps": 0.8918274408244178,
  "extract_throughput_mbps": 3.163651185085237,
  "rep": 1
}