{
  "dataset": "incompressible-media-like",
  "file_count": 7,
  "input_bytes": 105906176,
  "tool": "ANDRII",
  "mode": "Fast",
  "output_bytes": 105911375,
  "compression_ratio": -0.00004909062149494048,
  "space_saved_pct": -0.004909062149494048,
  "create_seconds": 26.7384134,
  "extract_seconds": 25.2962259,
  "verify_seconds": 0.0652702,
  "create_throughput_mbps": 3.7773370651827833,
  "extract_throughput_mbps": 3.992690466920601,
  "rep": 1
}