{
  "dataset": "documents-mixed",
  "file_count": 10,
  "input_bytes": 52428800,
  "tool": "ANDRII",
  "mode": "Fast",
  "output_bytes": 52433959,
  "compression_ratio": -0.0000984001159667347,
  "space_saved_pct": -0.00984001159667347,
  "create_seconds": 13.6529478,
  "extract_seconds": 13.5885049,
  "verify_seconds": 0.0280209,
  "create_throughput_mbps": 3.6622127860182694,
  "extract_throughput_mbps": 3.6795806726316154,
  "rep": 1
}