{
  "dataset": "large-binary-1gb",
  "file_count": 1,
  "input_bytes": 67108864,
  "tool": "ANDRII",
  "mode": "Balanced",
  "output_bytes": 67111348,
  "compression_ratio": -0.00003701448440551758,
  "space_saved_pct": -0.003701448440551758,
  "create_seconds": 17.4325508,
  "extract_seconds": 17.8245879,
  "verify_seconds": 0.0449561,
  "create_throughput_mbps": 3.6712929010939694,
  "extract_throughput_mbps": 3.5905458436994215,
  "rep": 1
}