{
  "dataset": "text-small",
  "file_count": 200,
  "input_bytes": 10485600,
  "tool": "ANDRII",
  "mode": "Balanced",
  "output_bytes": 2115518,
  "compression_ratio": 0.7982454032196536,
  "space_saved_pct": 79.82454032196536,
  "create_seconds": 8.9744925,
  "extract_seconds": 3.5267839,
  "verify_seconds": 0.0063147,
  "create_throughput_mbps": 1.114252133155092,
  "extract_throughput_mbps": 2.8354012311640004,
  "rep": 1
}