{
  "dataset": "documents-mixed",
  "file_count": 10,
  "input_bytes": 52428800,
  "tool": "ANDRII",
  "mode": "Balanced",
  "output_bytes": 52433963,
  "compression_ratio": -0.00009847640991211826,
  "space_saved_pct": -0.009847640991211826,
  "create_seconds": 13.4490239,
  "extract_seconds": 13.031739,
  "verify_seconds": 0.0277898,
  "create_throughput_mbps": 3.7177419247503902,
  "extract_throughput_mbps": 3.8367864795327775,
  "rep": 1
}