{
  "dataset": "large-binary-1gb",
  "file_count": 1,
  "input_bytes": 67108864,
  "tool": "ANDRII",
  "mode": "Balanced",
  "output_bytes": 67111303,
  "compression_ratio": -0.000036343932151794434,
  "space_saved_pct": -0.0036343932151794434,
  "create_seconds": 17.6195815,
  "extract_seconds": 18.567571,
  "verify_seconds": 0.0451574,
  "create_throughput_mbps": 3.632322368156134,
  "extract_throughput_mbps": 3.446869814042989,
  "rep": 1
}