{
  "dataset": "source-code",
  "file_count": 212,
  "input_bytes": 7632628,
  "tool": "ANDRII",
  "mode": "Fast",
  "output_bytes": 6023943,
  "compression_ratio": 0.21076423480877093,
  "space_saved_pct": 21.076423480877093,
  "create_seconds": 8.8224159,
  "extract_seconds": 4.1193941,
  "verify_seconds": 0.0080889,
  "create_throughput_mbps": 0.825062134089961,
  "extract_throughput_mbps": 1.7670174578060407,
  "rep": 1
}