{
  "dataset": "large-binary-1gb",
  "file_count": 1,
  "input_bytes": 67108864,
  "tool": "ANDRII",
  "mode": "Fast",
  "output_bytes": 67113457,
  "compression_ratio": -0.00006844103336334229,
  "space_saved_pct": -0.0068441033363342285,
  "create_seconds": 19.5343253,
  "extract_seconds": 18.7941057,
  "verify_seconds": 0.0352913,
  "create_throughput_mbps": 3.2762841315026123,
  "extract_throughput_mbps": 3.405322978469787,
  "rep": 1
}