{
  "dataset": "source-code",
  "file_count": 205,
  "input_bytes": 7543216,
  "tool": "ANDRII",
  "mode": "Maximum",
  "output_bytes": 5948221,
  "compression_ratio": 0.21144761067428008,
  "space_saved_pct": 21.144761067428007,
  "create_seconds": 16.0445788,
  "extract_seconds": 4.1596043,
  "verify_seconds": 0.0082089,
  "create_throughput_mbps": 0.4483614965513889,
  "extract_throughput_mbps": 1.729436466421743,
  "rep": 1
}