{
  "dataset": "source-code",
  "file_count": 212,
  "input_bytes": 7632628,
  "tool": "ANDRII",
  "mode": "Balanced",
  "output_bytes": 6010192,
  "compression_ratio": 0.21256584232848763,
  "space_saved_pct": 21.256584232848763,
  "create_seconds": 10.1131675,
  "extract_seconds": 4.6776997,
  "verify_seconds": 0.0111801,
  "create_throughput_mbps": 0.7197587986437685,
  "extract_throughput_mbps": 1.5561155604501937,
  "rep": 1
}