{
  "dataset": "source-code",
  "file_count": 205,
  "input_bytes": 7543216,
  "tool": "ANDRII",
  "mode": "Balanced",
  "output_bytes": 5968532,
  "compression_ratio": 0.20875499256550523,
  "space_saved_pct": 20.875499256550523,
  "create_seconds": 8.965847,
  "extract_seconds": 3.8649353,
  "verify_seconds": 0.0096902,
  "create_throughput_mbps": 0.8023526792621698,
  "extract_throughput_mbps": 1.8612915363174871,
  "rep": 1
}