{
  "dataset": "mixed-realistic",
  "file_count": 327,
  "input_bytes": 114241599,
  "tool": "ANDRII",
  "mode": "Fast",
  "output_bytes": 60945455,
  "compression_ratio": 0.46652134131981116,
  "space_saved_pct": 46.652134131981114,
  "create_seconds": 24.7905831,
  "extract_seconds": 17.3047156,
  "verify_seconds": 0.0332596,
  "create_throughput_mbps": 4.394784841970173,
  "extract_throughput_mbps": 6.295930042992555,
  "rep": 1
}