{
  "dataset": "incompressible-media-like",
  "file_count": 7,
  "input_bytes": 105906176,
  "tool": "ANDRII",
  "mode": "Maximum",
  "output_bytes": 105911378,
  "compression_ratio": -0.000049118948454829336,
  "space_saved_pct": -0.004911894845482934,
  "create_seconds": 26.3368584,
  "extract_seconds": 26.4807412,
  "verify_seconds": 0.0606984,
  "create_throughput_mbps": 3.834929681666208,
  "extract_throughput_mbps": 3.814092635745407,
  "rep": 1
}