{
  "dataset": "source-code",
  "file_count": 206,
  "input_bytes": 7548887,
  "tool": "ANDRII",
  "mode": "Balanced",
  "output_bytes": 5971359,
  "compression_ratio": 0.20897491246060507,
  "space_saved_pct": 20.897491246060508,
  "create_seconds": 9.0615219,
  "extract_seconds": 3.9918067,
  "verify_seconds": 0.0077447,
  "create_throughput_mbps": 0.794477983808992,
  "extract_throughput_mbps": 1.8034890440343785,
  "rep": 1
}